seq,plant_id,plant_alias,design_cap_wan_m3d,month,Q_wan_m3,COD_in_mgL,TN_in_mgL,TP_in_mgL,NH4_in_mgL,SS_in_mgL,COD_out_mgL,TN_out_mgL,TP_out_mgL,NH4_out_mgL,SS_out_mgL,month_num,year,data_source,note,data_complete
1,plt_ac8d6ca3,P001,30.0,1月,688.39,415.37,43.99,5.92,33.46,255.77,9.94,4.31,0.05,0.09,5.0,1,2026,[真实活动数据],浓度数据(mg/L)+水量(万m³/月)，无GHG直接测量,True
1,plt_ac8d6ca3,P001,30.0,2月,533.69,403.86,42.23,6.61,28.69,271.53,10.31,2.6,0.05,0.11,5.0,2,2026,[真实活动数据],浓度数据(mg/L)+水量(万m³/月)，无GHG直接测量,True
1,plt_ac8d6ca3,P001,30.0,3月,778.32,383.68,45.23,6.27,27.88,258.53,11.94,3.81,0.05,0.1,5.0,3,2026,[真实活动数据],浓度数据(mg/L)+水量(万m³/月)，无GHG直接测量,True
1,plt_ac8d6ca3,P001,30.0,4月,819.02,367.98,42.21,6.03,27.39,239.23,10.62,2.37,0.05,0.09,5.07,4,2026,[真实活动数据],浓度数据(mg/L)+水量(万m³/月)，无GHG直接测量,True
1,plt_ac8d6ca3,P001,30.0,5月,896.14,353.69,39.56,6.03,24.14,253.7,9.45,1.79,0.05,0.14,5.06,5,2026,[真实活动数据],浓度数据(mg/L)+水量(万m³/月)，无GHG直接测量,True
1,plt_ac8d6ca3,P001,30.0,6月,997.83,235.79,28.91,3.72,19.17,178.61,8.22,2.36,0.04,0.11,5.0,6,2026,[真实活动数据],浓度数据(mg/L)+水量(万m³/月)，无GHG直接测量,True
2,plt_38cce14f,P002,40.0,1月,701.82,364.58,45.96,4.68,31.25,264.93,10.92,5.15,0.11,0.2,5.0,1,2026,[真实活动数据],浓度数据(mg/L)+水量(万m³/月)，无GHG直接测量,True
2,plt_38cce14f,P002,40.0,2月,549.55,307.62,40.26,3.81,29.39,215.74,11.11,5.46,0.12,0.18,5.0,2,2026,[真实活动数据],浓度数据(mg/L)+水量(万m³/月)，无GHG直接测量,True
2,plt_38cce14f,P002,40.0,3月,698.61,324.0,41.79,4.07,30.23,251.03,11.03,4.78,0.11,0.18,5.0,3,2026,[真实活动数据],浓度数据(mg/L)+水量(万m³/月)，无GHG直接测量,True
2,plt_38cce14f,P002,40.0,4月,685.63,301.54,40.41,4.19,28.81,224.22,10.87,4.72,0.09,0.16,5.0,4,2026,[真实活动数据],浓度数据(mg/L)+水量(万m³/月)，无GHG直接测量,True
2,plt_38cce14f,P002,40.0,5月,800.34,272.56,35.24,3.81,25.09,195.12,9.26,4.61,0.08,0.18,5.0,5,2026,[真实活动数据],浓度数据(mg/L)+水量(万m³/月)，无GHG直接测量,True
2,plt_38cce14f,P002,40.0,6月,898.96,233.79,28.79,3.27,18.21,205.86,8.91,3.79,0.07,0.13,5.0,6,2026,[真实活动数据],浓度数据(mg/L)+水量(万m³/月)，无GHG直接测量,True
3,plt_53671971,P003,56.0,1月,1761.44,261.17,37.51,2.75,33.7,149.61,18.43,3.97,0.03,0.64,5.0,1,2026,[真实活动数据],浓度数据(mg/L)+水量(万m³/月)，无GHG直接测量,True
3,plt_53671971,P003,56.0,2月,1227.89,205.29,35.34,2.56,32.16,121.38,17.99,5.3,0.03,0.25,5.0,2,2026,[真实活动数据],浓度数据(mg/L)+水量(万m³/月)，无GHG直接测量,True
3,plt_53671971,P003,56.0,3月,1877.69,198.27,35.83,2.6,33.35,115.82,17.51,4.79,0.04,0.34,5.03,3,2026,[真实活动数据],浓度数据(mg/L)+水量(万m³/月)，无GHG直接测量,True
3,plt_53671971,P003,56.0,4月,1782.69,236.67,33.88,2.78,29.62,142.18,14.83,4.33,0.04,0.36,5.13,4,2026,[真实活动数据],浓度数据(mg/L)+水量(万m³/月)，无GHG直接测量,True
3,plt_53671971,P003,56.0,5月,2159.59,272.87,29.22,3.12,24.38,169.94,13.87,4.0,0.05,0.19,5.0,5,2026,[真实活动数据],浓度数据(mg/L)+水量(万m³/月)，无GHG直接测量,True
3,plt_53671971,P003,56.0,6月,2327.3,258.32,25.94,2.66,20.75,173.57,13.08,4.21,0.04,0.09,5.0,6,2026,[真实活动数据],浓度数据(mg/L)+水量(万m³/月)，无GHG直接测量,True
4,plt_7f964d50,P004,8.0,1月,178.29,366.63,46.22,5.2,36.21,174.27,11.75,9.07,0.08,0.12,4.0,1,2026,[真实活动数据],浓度数据(mg/L)+水量(万m³/月)，无GHG直接测量,True
4,plt_7f964d50,P004,8.0,2月,120.46,333.76,42.16,4.64,33.98,154.9,11.18,9.48,0.1,0.25,4.0,2,2026,[真实活动数据],浓度数据(mg/L)+水量(万m³/月)，无GHG直接测量,True
4,plt_7f964d50,P004,8.0,3月,184.19,342.57,43.07,4.77,34.11,167.77,12.18,10.13,0.06,0.31,4.0,3,2026,[真实活动数据],浓度数据(mg/L)+水量(万m³/月)，无GHG直接测量,True
4,plt_7f964d50,P004,8.0,4月,200.88,317.95,39.23,4.37,31.18,151.44,11.68,10.1,0.1,0.12,4.0,4,2026,[真实活动数据],浓度数据(mg/L)+水量(万m³/月)，无GHG直接测量,True
4,plt_7f964d50,P004,8.0,5月,247.7,253.12,33.73,2.58,26.29,127.88,10.77,8.61,0.07,0.1,4.0,5,2026,[真实活动数据],浓度数据(mg/L)+水量(万m³/月)，无GHG直接测量,True
4,plt_7f964d50,P004,8.0,6月,288.88,203.0,28.07,3.34,21.08,105.91,10.29,8.04,0.09,0.1,4.0,6,2026,[真实活动数据],浓度数据(mg/L)+水量(万m³/月)，无GHG直接测量,True
5,plt_5c399d08,P005,8.0,1月,108.81,265.46,57.93,4.5,34.86,204.75,12.56,10.08,0.14,0.2,4.16,1,2026,[真实活动数据],浓度数据(mg/L)+水量(万m³/月)，无GHG直接测量,True
5,plt_5c399d08,P005,8.0,2月,75.54,269.35,45.29,4.95,24.53,208.1,11.26,8.65,0.14,0.14,4.14,2,2026,[真实活动数据],浓度数据(mg/L)+水量(万m³/月)，无GHG直接测量,True
5,plt_5c399d08,P005,8.0,3月,120.12,236.19,41.1,3.73,25.1,151.94,12.72,9.22,0.15,0.17,4.15,3,2026,[真实活动数据],浓度数据(mg/L)+水量(万m³/月)，无GHG直接测量,True
5,plt_5c399d08,P005,8.0,4月,136.82,228.52,41.59,4.15,21.45,166.37,12.16,7.88,0.15,0.13,4.07,4,2026,[真实活动数据],浓度数据(mg/L)+水量(万m³/月)，无GHG直接测量,True
5,plt_5c399d08,P005,8.0,5月,185.91,153.78,25.74,2.92,15.57,138.37,10.91,7.82,0.15,0.13,4.19,5,2026,[真实活动数据],浓度数据(mg/L)+水量(万m³/月)，无GHG直接测量,True
5,plt_5c399d08,P005,8.0,6月,246.89,110.59,17.44,2.04,8.45,84.38,8.04,6.75,0.16,0.1,4.06,6,2026,[真实活动数据],浓度数据(mg/L)+水量(万m³/月)，无GHG直接测量,True
6,plt_e79eff6d,P006,10.0,1月,287.08,369.58,48.04,4.39,35.38,292.49,12.09,6.55,0.1,0.59,2.2,1,2026,[真实活动数据],浓度数据(mg/L)+水量(万m³/月)，无GHG直接测量,True
6,plt_e79eff6d,P006,10.0,2月,213.52,267.61,43.44,3.26,30.98,161.85,12.4,6.32,0.11,0.43,1.76,2,2026,[真实活动数据],浓度数据(mg/L)+水量(万m³/月)，无GHG直接测量,True
6,plt_e79eff6d,P006,10.0,3月,289.48,276.11,42.83,3.22,31.28,152.37,11.42,8.72,0.12,0.55,1.8,3,2026,[真实活动数据],浓度数据(mg/L)+水量(万m³/月)，无GHG直接测量,True
6,plt_e79eff6d,P006,10.0,4月,303.97,245.24,41.21,3.38,30.83,161.35,11.14,7.25,0.15,0.46,1.33,4,2026,[真实活动数据],浓度数据(mg/L)+水量(万m³/月)，无GHG直接测量,True
6,plt_e79eff6d,P006,10.0,5月,325.34,207.57,36.19,2.78,28.21,139.04,10.98,6.83,0.15,0.44,1.23,5,2026,[真实活动数据],浓度数据(mg/L)+水量(万m³/月)，无GHG直接测量,True
6,plt_e79eff6d,P006,10.0,6月,334.6,180.78,29.12,2.43,20.75,121.33,9.72,5.79,0.15,0.28,1.43,6,2026,[真实活动数据],浓度数据(mg/L)+水量(万m³/月)，无GHG直接测量,True
7,plt_be1c9ecd,P007,20.0,1月,742.0,331.06,42.07,6.02,30.78,266.0,17.95,10.89,0.13,0.15,1.0,1,2026,[真实活动数据],浓度数据(mg/L)+水量(万m³/月)，无GHG直接测量,True
7,plt_be1c9ecd,P007,20.0,2月,654.55,231.75,35.23,3.47,26.72,193.0,14.48,9.68,0.12,0.11,1.0,2,2026,[真实活动数据],浓度数据(mg/L)+水量(万m³/月)，无GHG直接测量,True
7,plt_be1c9ecd,P007,20.0,3月,812.26,243.4,39.06,3.75,31.13,191.0,16.73,9.63,0.14,0.13,1.0,3,2026,[真实活动数据],浓度数据(mg/L)+水量(万m³/月)，无GHG直接测量,True
7,plt_be1c9ecd,P007,20.0,4月,803.35,237.39,35.87,3.92,28.33,157.0,15.5,9.36,0.08,0.06,1.0,4,2026,[真实活动数据],浓度数据(mg/L)+水量(万m³/月)，无GHG直接测量,True
7,plt_be1c9ecd,P007,20.0,5月,930.42,237.88,34.01,4.07,27.41,172.0,15.15,9.09,0.08,0.05,1.0,5,2026,[真实活动数据],浓度数据(mg/L)+水量(万m³/月)，无GHG直接测量,True
7,plt_be1c9ecd,P007,20.0,6月,976.03,189.02,28.15,2.9,21.96,146.0,15.36,8.25,0.08,0.13,1.0,6,2026,[真实活动数据],浓度数据(mg/L)+水量(万m³/月)，无GHG直接测量,True
8,plt_c4107b59,P008,4.0,1月,95.74,368.4,49.98,4.99,38.92,195.54,14.96,7.88,0.12,0.15,4.64,1,2026,[真实活动数据],浓度数据(mg/L)+水量(万m³/月)，无GHG直接测量,True
8,plt_c4107b59,P008,4.0,2月,78.94,310.01,47.42,4.28,34.68,175.46,15.07,7.95,0.11,0.22,4.61,2,2026,[真实活动数据],浓度数据(mg/L)+水量(万m³/月)，无GHG直接测量,True
8,plt_c4107b59,P008,4.0,3月,104.36,346.63,51.38,4.79,37.64,186.35,15.88,8.53,0.16,0.18,4.68,3,2026,[真实活动数据],浓度数据(mg/L)+水量(万m³/月)，无GHG直接测量,True
8,plt_c4107b59,P008,4.0,4月,111.41,330.08,51.01,4.87,37.21,179.24,16.91,8.87,0.15,0.15,4.68,4,2026,[真实活动数据],浓度数据(mg/L)+水量(万m³/月)，无GHG直接测量,True
8,plt_c4107b59,P008,4.0,5月,131.41,275.56,46.03,4.41,31.93,178.31,18.13,9.26,0.15,0.17,4.67,5,2026,[真实活动数据],浓度数据(mg/L)+水量(万m³/月)，无GHG直接测量,True
8,plt_c4107b59,P008,4.0,6月,141.83,249.22,41.3,3.69,28.47,163.36,17.52,8.53,0.15,0.16,4.75,6,2026,[真实活动数据],浓度数据(mg/L)+水量(万m³/月)，无GHG直接测量,True
9,plt_c77058b9,P009,20.0,1月,476.92,285.83,43.75,4.74,31.28,276.83,14.02,7.61,0.16,0.15,4.12,1,2026,[真实活动数据],浓度数据(mg/L)+水量(万m³/月)，无GHG直接测量,True
9,plt_c77058b9,P009,20.0,2月,330.04,263.14,38.81,4.21,25.76,229.0,14.2,7.39,0.16,0.14,4.35,2,2026,[真实活动数据],浓度数据(mg/L)+水量(万m³/月)，无GHG直接测量,True
9,plt_c77058b9,P009,20.0,3月,534.48,230.41,35.6,3.6,24.22,167.24,15.54,7.13,0.19,0.17,4.25,3,2026,[真实活动数据],浓度数据(mg/L)+水量(万m³/月)，无GHG直接测量,True
9,plt_c77058b9,P009,20.0,4月,580.28,210.96,32.6,3.68,20.27,183.63,14.47,7.76,0.18,0.11,4.44,4,2026,[真实活动数据],浓度数据(mg/L)+水量(万m³/月)，无GHG直接测量,True
9,plt_c77058b9,P009,20.0,5月,715.42,157.98,26.35,2.53,19.25,139.72,13.58,7.14,0.19,0.1,4.13,5,2026,[真实活动数据],浓度数据(mg/L)+水量(万m³/月)，无GHG直接测量,True
9,plt_c77058b9,P009,20.0,6月,879.49,120.14,19.19,1.8,14.35,104.95,9.83,7.01,0.18,0.09,4.12,6,2026,[真实活动数据],浓度数据(mg/L)+水量(万m³/月)，无GHG直接测量,True
10,plt_c288c746,P010,5.0,1月,152.46,324.84,37.64,3.03,33.24,203.1,15.56,7.28,0.06,0.84,5.0,1,2026,[真实活动数据],浓度数据(mg/L)+水量(万m³/月)，无GHG直接测量,True
10,plt_c288c746,P010,5.0,2月,122.46,350.45,36.39,3.32,30.09,212.84,15.39,6.67,0.06,0.5,5.03,2,2026,[真实活动数据],浓度数据(mg/L)+水量(万m³/月)，无GHG直接测量,True
10,plt_c288c746,P010,5.0,3月,147.41,288.86,35.58,2.95,31.54,172.88,14.47,6.1,0.07,0.8,5.1,3,2026,[真实活动数据],浓度数据(mg/L)+水量(万m³/月)，无GHG直接测量,True
10,plt_c288c746,P010,5.0,4月,131.55,285.21,31.83,2.85,27.87,168.81,12.85,4.59,0.07,0.29,5.0,4,2026,[真实活动数据],浓度数据(mg/L)+水量(万m³/月)，无GHG直接测量,True
10,plt_c288c746,P010,5.0,5月,159.8,275.0,26.25,2.85,21.87,156.74,11.85,4.11,0.07,0.21,5.07,5,2026,[真实活动数据],浓度数据(mg/L)+水量(万m³/月)，无GHG直接测量,True
10,plt_c288c746,P010,5.0,6月,162.89,249.24,24.15,2.43,19.54,145.88,11.6,5.17,0.15,0.1,5.0,6,2026,[真实活动数据],浓度数据(mg/L)+水量(万m³/月)，无GHG直接测量,True
11,plt_eaeb1d0a,P011,12.0,1月,231.76,337.36,35.7,4.11,28.32,165.2,18.91,7.2,0.14,0.12,4.19,1,2026,[真实活动数据],浓度数据(mg/L)+水量(万m³/月)，无GHG直接测量,True
11,plt_eaeb1d0a,P011,12.0,2月,178.53,303.11,35.06,3.7,27.24,150.18,19.36,7.91,0.12,0.1,4.52,2,2026,[真实活动数据],浓度数据(mg/L)+水量(万m³/月)，无GHG直接测量,True
11,plt_eaeb1d0a,P011,12.0,3月,233.59,304.41,34.89,3.65,26.61,146.31,18.97,6.77,0.11,0.09,3.86,3,2026,[真实活动数据],浓度数据(mg/L)+水量(万m³/月)，无GHG直接测量,True
11,plt_eaeb1d0a,P011,12.0,4月,221.79,295.36,35.17,3.82,26.73,138.87,17.23,5.9,0.12,0.08,3.35,4,2026,[真实活动数据],浓度数据(mg/L)+水量(万m³/月)，无GHG直接测量,True
11,plt_eaeb1d0a,P011,12.0,5月,275.09,245.85,31.51,3.15,21.98,129.89,15.38,5.08,0.09,0.08,3.55,5,2026,[真实活动数据],浓度数据(mg/L)+水量(万m³/月)，无GHG直接测量,True
11,plt_eaeb1d0a,P011,12.0,6月,292.81,218.39,25.3,3.23,17.49,128.41,10.78,3.91,0.07,0.07,3.81,6,2026,[真实活动数据],浓度数据(mg/L)+水量(万m³/月)，无GHG直接测量,True
12,plt_780535e2,P012,20.0,1月,389.05,458.98,43.93,5.94,31.66,236.28,11.02,6.32,0.23,0.3,4.16,1,2026,[真实活动数据],浓度数据(mg/L)+水量(万m³/月)，无GHG直接测量,True
12,plt_780535e2,P012,20.0,2月,287.08,337.49,37.06,5.12,25.01,175.48,7.89,5.32,0.25,0.2,4.0,2,2026,[真实活动数据],浓度数据(mg/L)+水量(万m³/月)，无GHG直接测量,True
12,plt_780535e2,P012,20.0,3月,357.0,340.78,44.73,5.06,30.42,187.25,10.03,6.95,0.25,0.23,4.0,3,2026,[真实活动数据],浓度数据(mg/L)+水量(万m³/月)，无GHG直接测量,True
12,plt_780535e2,P012,20.0,4月,390.17,317.96,40.85,5.14,29.92,179.1,9.01,8.31,0.23,0.24,4.07,4,2026,[真实活动数据],浓度数据(mg/L)+水量(万m³/月)，无GHG直接测量,True
12,plt_780535e2,P012,20.0,5月,445.65,262.99,36.71,4.72,26.61,179.59,9.96,9.39,0.19,0.26,4.07,5,2026,[真实活动数据],浓度数据(mg/L)+水量(万m³/月)，无GHG直接测量,True
12,plt_780535e2,P012,20.0,6月,527.25,205.32,28.62,3.84,20.87,155.95,9.37,8.88,0.17,0.24,4.07,6,2026,[真实活动数据],浓度数据(mg/L)+水量(万m³/月)，无GHG直接测量,True
13,plt_31120c6e,P013,30.0,1月,725.65,304.21,48.55,4.92,36.37,171.79,14.88,7.73,0.06,0.2,2.5,1,2026,[真实活动数据],浓度数据(mg/L)+水量(万m³/月)，无GHG直接测量,True
13,plt_31120c6e,P013,30.0,2月,536.41,284.58,45.61,4.66,32.24,186.1,14.81,6.81,0.07,0.22,2.5,2,2026,[真实活动数据],浓度数据(mg/L)+水量(万m³/月)，无GHG直接测量,True
13,plt_31120c6e,P013,30.0,3月,656.59,285.02,46.32,4.21,35.67,152.14,14.28,7.22,0.05,0.42,3.04,3,2026,[真实活动数据],浓度数据(mg/L)+水量(万m³/月)，无GHG直接测量,True
13,plt_31120c6e,P013,30.0,4月,824.76,264.33,41.84,3.56,33.45,144.23,14.47,7.34,0.05,0.15,2.5,4,2026,[真实活动数据],浓度数据(mg/L)+水量(万m³/月)，无GHG直接测量,True
13,plt_31120c6e,P013,30.0,5月,912.35,239.4,39.66,3.5,29.13,145.9,13.59,7.58,0.05,0.11,2.8,5,2026,[真实活动数据],浓度数据(mg/L)+水量(万m³/月)，无GHG直接测量,True
13,plt_31120c6e,P013,30.0,6月,934.11,201.42,33.38,2.74,25.13,114.13,12.37,6.43,0.07,0.13,2.63,6,2026,[真实活动数据],浓度数据(mg/L)+水量(万m³/月)，无GHG直接测量,True
14,plt_501d41d0,P014,40.0,1月,915.08,252.67,38.9,4.77,33.31,193.0,22.14,13.07,0.22,0.73,2.0,1,2026,[真实活动数据],浓度数据(mg/L)+水量(万m³/月)，无GHG直接测量,True
14,plt_501d41d0,P014,40.0,2月,575.89,205.26,34.86,3.58,28.55,127.0,18.3,11.98,0.19,0.41,1.0,2,2026,[真实活动数据],浓度数据(mg/L)+水量(万m³/月)，无GHG直接测量,True
14,plt_501d41d0,P014,40.0,3月,972.63,233.64,36.38,3.78,28.03,127.0,20.6,12.14,0.21,0.81,2.0,3,2026,[真实活动数据],浓度数据(mg/L)+水量(万m³/月)，无GHG直接测量,True
14,plt_501d41d0,P014,40.0,4月,941.79,233.86,35.46,3.76,25.64,135.0,19.66,12.21,0.22,0.86,1.0,4,2026,[真实活动数据],浓度数据(mg/L)+水量(万m³/月)，无GHG直接测量,True
14,plt_501d41d0,P014,40.0,5月,1003.61,182.74,28.86,2.43,21.09,123.0,17.84,12.04,0.21,0.7,1.0,5,2026,[真实活动数据],浓度数据(mg/L)+水量(万m³/月)，无GHG直接测量,True
14,plt_501d41d0,P014,40.0,6月,1274.89,136.42,21.33,1.69,14.6,90.0,16.91,10.82,0.2,0.46,1.0,6,2026,[真实活动数据],浓度数据(mg/L)+水量(万m³/月)，无GHG直接测量,True
15,plt_8e3c48c5,P015,15.0,1月,382.5,291.7,49.71,6.31,43.1,161.67,14.98,10.55,0.19,0.24,4.47,1,2026,[真实活动数据],浓度数据(mg/L)+水量(万m³/月)，无GHG直接测量,True
15,plt_8e3c48c5,P015,15.0,2月,169.01,252.5,43.45,5.02,37.71,147.84,14.51,8.5,0.16,0.21,4.58,2,2026,[真实活动数据],浓度数据(mg/L)+水量(万m³/月)，无GHG直接测量,True
15,plt_8e3c48c5,P015,15.0,3月,464.0,249.4,42.45,5.14,36.08,148.83,14.29,12.05,0.12,0.34,4.42,3,2026,[真实活动数据],浓度数据(mg/L)+水量(万m³/月)，无GHG直接测量,True
15,plt_8e3c48c5,P015,15.0,4月,478.19,213.78,37.23,5.04,31.95,129.89,13.95,9.24,0.11,0.24,4.47,4,2026,[真实活动数据],浓度数据(mg/L)+水量(万m³/月)，无GHG直接测量,True
15,plt_8e3c48c5,P015,15.0,5月,517.78,191.29,35.18,4.42,30.83,103.98,12.64,8.37,0.07,0.26,4.45,5,2026,[真实活动数据],浓度数据(mg/L)+水量(万m³/月)，无GHG直接测量,True
15,plt_8e3c48c5,P015,15.0,6月,485.34,156.81,29.93,4.13,25.62,98.26,11.87,8.09,0.07,0.25,4.51,6,2026,[真实活动数据],浓度数据(mg/L)+水量(万m³/月)，无GHG直接测量,True
16,plt_39f5167e,P016,15.0,1月,416.58,458.0,46.62,5.39,37.26,217.32,13.05,9.84,0.17,0.39,4.0,1,2026,[真实活动数据],浓度数据(mg/L)+水量(万m³/月)，无GHG直接测量,True
16,plt_39f5167e,P016,15.0,2月,377.36,399.66,41.68,5.1,32.04,193.01,10.95,8.44,0.17,0.33,4.0,2,2026,[真实活动数据],浓度数据(mg/L)+水量(万m³/月)，无GHG直接测量,True
16,plt_39f5167e,P016,15.0,3月,449.91,401.67,46.86,5.19,35.94,201.01,10.57,9.21,0.17,0.32,4.0,3,2026,[真实活动数据],浓度数据(mg/L)+水量(万m³/月)，无GHG直接测量,True
16,plt_39f5167e,P016,15.0,4月,457.73,337.95,44.99,5.11,34.35,140.86,11.95,8.46,0.17,0.31,4.0,4,2026,[真实活动数据],浓度数据(mg/L)+水量(万m³/月)，无GHG直接测量,True
16,plt_39f5167e,P016,15.0,5月,486.95,274.54,39.45,4.22,29.98,138.44,10.03,7.57,0.16,0.3,4.0,5,2026,[真实活动数据],浓度数据(mg/L)+水量(万m³/月)，无GHG直接测量,True
16,plt_39f5167e,P016,15.0,6月,546.07,221.44,34.2,3.66,25.81,89.6,8.94,8.95,0.21,0.28,4.0,6,2026,[真实活动数据],浓度数据(mg/L)+水量(万m³/月)，无GHG直接测量,True
17,plt_260683fd,P017,24.0,1月,699.96,406.04,50.83,4.9,37.48,191.57,12.53,8.84,0.16,0.11,2.0,1,2026,[真实活动数据],浓度数据(mg/L)+水量(万m³/月)，无GHG直接测量,True
17,plt_260683fd,P017,24.0,2月,532.93,343.71,42.15,3.96,34.05,149.23,11.58,8.32,0.19,0.11,2.0,2,2026,[真实活动数据],浓度数据(mg/L)+水量(万m³/月)，无GHG直接测量,True
17,plt_260683fd,P017,24.0,3月,771.88,366.67,47.78,4.76,35.37,142.72,11.42,8.41,0.17,0.1,2.0,3,2026,[真实活动数据],浓度数据(mg/L)+水量(万m³/月)，无GHG直接测量,True
17,plt_260683fd,P017,24.0,4月,796.76,345.0,44.53,4.38,32.65,132.66,11.04,6.97,0.15,0.1,2.0,4,2026,[真实活动数据],浓度数据(mg/L)+水量(万m³/月)，无GHG直接测量,True
17,plt_260683fd,P017,24.0,5月,907.47,315.63,39.42,3.92,29.24,133.7,10.92,7.52,0.16,0.09,2.0,5,2026,[真实活动数据],浓度数据(mg/L)+水量(万m³/月)，无GHG直接测量,True
17,plt_260683fd,P017,24.0,6月,957.29,259.87,35.99,3.43,27.4,116.11,8.83,7.06,0.13,0.1,4.0,6,2026,[真实活动数据],浓度数据(mg/L)+水量(万m³/月)，无GHG直接测量,True
18,plt_ca8d9acc,P018,5.0,1月,68.04,250.68,43.42,3.86,30.34,121.39,16.31,9.54,0.17,0.15,5.26,1,2026,[真实活动数据],浓度数据(mg/L)+水量(万m³/月)，无GHG直接测量,True
18,plt_ca8d9acc,P018,5.0,2月,59.75,236.66,36.22,3.39,26.03,102.68,15.84,9.31,0.15,0.19,5.36,2,2026,[真实活动数据],浓度数据(mg/L)+水量(万m³/月)，无GHG直接测量,True
18,plt_ca8d9acc,P018,5.0,3月,79.06,267.04,39.56,4.33,25.25,153.68,18.74,8.75,0.15,0.21,5.03,3,2026,[真实活动数据],浓度数据(mg/L)+水量(万m³/月)，无GHG直接测量,True
18,plt_ca8d9acc,P018,5.0,4月,91.47,272.67,38.58,4.44,24.98,150.17,16.15,9.38,0.16,0.32,5.11,4,2026,[真实活动数据],浓度数据(mg/L)+水量(万m³/月)，无GHG直接测量,True
18,plt_ca8d9acc,P018,5.0,5月,114.62,278.61,32.4,4.42,19.93,163.25,15.83,9.74,0.14,0.34,5.02,5,2026,[真实活动数据],浓度数据(mg/L)+水量(万m³/月)，无GHG直接测量,True
18,plt_ca8d9acc,P018,5.0,6月,136.54,281.0,30.55,4.55,18.57,152.85,13.45,9.74,0.14,0.38,5.0,6,2026,[真实活动数据],浓度数据(mg/L)+水量(万m³/月)，无GHG直接测量,True
19,plt_d9f69e22,P019,12.5,1月,374.27,392.68,55.56,5.24,44.64,150.81,18.65,8.88,0.2,0.29,4.19,1,2026,[真实活动数据],浓度数据(mg/L)+水量(万m³/月)，无GHG直接测量,True
19,plt_d9f69e22,P019,12.5,2月,265.09,340.72,49.1,4.84,38.72,141.02,20.25,8.35,0.21,0.2,4.59,2,2026,[真实活动数据],浓度数据(mg/L)+水量(万m³/月)，无GHG直接测量,True
19,plt_d9f69e22,P019,12.5,3月,383.86,388.0,54.32,5.45,42.71,186.37,20.1,7.62,0.16,0.24,4.92,3,2026,[真实活动数据],浓度数据(mg/L)+水量(万m³/月)，无GHG直接测量,True
19,plt_d9f69e22,P019,12.5,4月,373.58,351.01,47.48,4.8,38.81,156.63,19.01,7.27,0.15,0.22,4.01,4,2026,[真实活动数据],浓度数据(mg/L)+水量(万m³/月)，无GHG直接测量,True
19,plt_d9f69e22,P019,12.5,5月,408.11,289.09,41.68,3.98,34.16,125.81,17.64,5.56,0.19,0.24,4.14,5,2026,[真实活动数据],浓度数据(mg/L)+水量(万m³/月)，无GHG直接测量,True
19,plt_d9f69e22,P019,12.5,6月,405.09,256.98,36.34,3.15,30.1,105.5,15.8,6.99,0.16,0.22,4.2,6,2026,[真实活动数据],浓度数据(mg/L)+水量(万m³/月)，无GHG直接测量,True
20,plt_cf06cfc9,P020,15.0,1月,466.05,282.28,37.82,5.38,29.53,185.88,13.97,9.47,0.13,0.23,1.2,1,2026,[真实活动数据],浓度数据(mg/L)+水量(万m³/月)，无GHG直接测量,True
20,plt_cf06cfc9,P020,15.0,2月,385.92,279.6,35.91,4.74,25.19,172.64,14.02,8.51,0.09,0.25,1.24,2,2026,[真实活动数据],浓度数据(mg/L)+水量(万m³/月)，无GHG直接测量,True
20,plt_cf06cfc9,P020,15.0,3月,521.78,254.58,34.28,3.82,25.12,183.76,12.53,8.96,0.07,0.27,1.26,3,2026,[真实活动数据],浓度数据(mg/L)+水量(万m³/月)，无GHG直接测量,True
20,plt_cf06cfc9,P020,15.0,4月,482.62,250.02,36.0,3.89,26.42,165.11,13.17,8.76,0.11,0.27,1.47,4,2026,[真实活动数据],浓度数据(mg/L)+水量(万m³/月)，无GHG直接测量,True
20,plt_cf06cfc9,P020,15.0,5月,554.25,183.99,29.45,2.54,21.98,139.97,12.68,7.63,0.09,0.18,1.68,5,2026,[真实活动数据],浓度数据(mg/L)+水量(万m³/月)，无GHG直接测量,True
20,plt_cf06cfc9,P020,15.0,6月,610.62,154.71,25.95,2.57,17.06,129.18,11.93,6.58,0.08,0.11,1.23,6,2026,[真实活动数据],浓度数据(mg/L)+水量(万m³/月)，无GHG直接测量,True
21,plt_00db38f5,P021,3.0,1月,75.63,261.93,46.69,4.44,33.99,230.78,8.78,9.76,0.14,0.12,4.2,1,2026,[真实活动数据],浓度数据(mg/L)+水量(万m³/月)，无GHG直接测量,True
21,plt_00db38f5,P021,3.0,2月,48.93,180.92,43.19,3.95,31.8,136.4,8.02,8.46,0.15,0.11,4.07,2,2026,[真实活动数据],浓度数据(mg/L)+水量(万m³/月)，无GHG直接测量,True
21,plt_00db38f5,P021,3.0,3月,74.67,201.92,41.25,3.76,28.74,136.66,9.4,8.72,0.14,0.12,4.09,3,2026,[真实活动数据],浓度数据(mg/L)+水量(万m³/月)，无GHG直接测量,True
21,plt_00db38f5,P021,3.0,4月,87.76,172.88,43.5,3.96,29.2,135.69,8.76,7.55,0.15,0.08,4.0,4,2026,[真实活动数据],浓度数据(mg/L)+水量(万m³/月)，无GHG直接测量,True
21,plt_00db38f5,P021,3.0,5月,106.7,142.74,29.91,2.81,22.05,134.19,8.73,8.06,0.14,0.09,4.02,5,2026,[真实活动数据],浓度数据(mg/L)+水量(万m³/月)，无GHG直接测量,True
21,plt_00db38f5,P021,3.0,6月,127.89,104.26,19.35,1.73,14.05,82.23,6.88,6.1,0.15,0.08,4.13,6,2026,[真实活动数据],浓度数据(mg/L)+水量(万m³/月)，无GHG直接测量,True
22,plt_adb30b73,P022,5.0,1月,133.97,373.61,47.38,4.45,37.45,276.2,12.58,10.76,0.07,0.09,5.09,1,2026,[真实活动数据],浓度数据(mg/L)+水量(万m³/月)，无GHG直接测量,True
22,plt_adb30b73,P022,5.0,2月,91.08,345.02,41.93,4.71,32.89,319.52,10.36,10.69,0.07,0.07,4.91,2,2026,[真实活动数据],浓度数据(mg/L)+水量(万m³/月)，无GHG直接测量,True
22,plt_adb30b73,P022,5.0,3月,116.37,368.15,41.95,4.66,32.13,459.33,10.6,9.91,0.08,0.08,4.86,3,2026,[真实活动数据],浓度数据(mg/L)+水量(万m³/月)，无GHG直接测量,True
22,plt_adb30b73,P022,5.0,4月,136.5,345.13,45.38,5.09,34.7,342.03,10.18,9.29,0.08,0.06,4.91,4,2026,[真实活动数据],浓度数据(mg/L)+水量(万m³/月)，无GHG直接测量,True
22,plt_adb30b73,P022,5.0,5月,181.2,274.87,39.01,4.68,29.1,315.91,10.08,7.69,0.09,0.06,5.05,5,2026,[真实活动数据],浓度数据(mg/L)+水量(万m³/月)，无GHG直接测量,True
22,plt_adb30b73,P022,5.0,6月,210.87,201.86,32.04,3.54,22.62,252.86,8.76,7.47,0.09,0.06,4.97,6,2026,[真实活动数据],浓度数据(mg/L)+水量(万m³/月)，无GHG直接测量,True
23,plt_069b9c27,P023,5.0,1月,125.92,292.8,44.47,4.39,34.43,219.59,9.87,11.16,0.11,0.37,4.36,1,2026,[真实活动数据],浓度数据(mg/L)+水量(万m³/月)，无GHG直接测量,True
23,plt_069b9c27,P023,5.0,2月,88.97,269.0,38.67,4.5,27.12,221.77,8.76,10.27,0.08,0.6,4.18,2,2026,[真实活动数据],浓度数据(mg/L)+水量(万m³/月)，无GHG直接测量,True
23,plt_069b9c27,P023,5.0,3月,145.31,270.94,39.87,4.14,27.67,211.99,9.2,10.49,0.12,0.28,4.22,3,2026,[真实活动数据],浓度数据(mg/L)+水量(万m³/月)，无GHG直接测量,True
23,plt_069b9c27,P023,5.0,4月,144.14,271.46,37.14,4.02,25.87,185.97,9.79,9.09,0.11,0.24,4.17,4,2026,[真实活动数据],浓度数据(mg/L)+水量(万m³/月)，无GHG直接测量,True
23,plt_069b9c27,P023,5.0,5月,179.78,189.1,30.28,3.21,20.77,138.99,9.28,8.41,0.13,0.2,4.03,5,2026,[真实活动数据],浓度数据(mg/L)+水量(万m³/月)，无GHG直接测量,True
23,plt_069b9c27,P023,5.0,6月,205.06,149.77,25.18,2.36,16.63,106.41,8.75,7.24,0.14,0.14,4.31,6,2026,[真实活动数据],浓度数据(mg/L)+水量(万m³/月)，无GHG直接测量,True
24,plt_39b38359,P024,10.0,1月,289.66,287.6,38.0,4.83,25.83,172.22,11.82,11.41,0.13,0.36,4.61,1,2026,[真实活动数据],浓度数据(mg/L)+水量(万m³/月)，无GHG直接测量,True
24,plt_39b38359,P024,10.0,2月,191.36,222.21,33.24,3.44,20.38,150.84,10.28,10.97,0.09,0.3,4.5,2,2026,[真实活动数据],浓度数据(mg/L)+水量(万m³/月)，无GHG直接测量,True
24,plt_39b38359,P024,10.0,3月,285.63,277.4,34.0,3.87,21.8,159.1,10.9,10.8,0.09,0.3,4.4,3,2026,[真实活动数据],浓度数据(mg/L)+水量(万m³/月)，无GHG直接测量,True
24,plt_39b38359,P024,10.0,4月,299.34,242.0,30.9,4.62,19.9,198.0,9.0,10.9,0.1,0.24,5.0,4,2026,[真实活动数据],浓度数据(mg/L)+水量(万m³/月)，无GHG直接测量,True
24,plt_39b38359,P024,10.0,5月,353.74,191.69,28.96,3.11,21.09,166.23,9.15,9.96,0.1,0.2,4.85,5,2026,[真实活动数据],浓度数据(mg/L)+水量(万m³/月)，无GHG直接测量,True
24,plt_39b38359,P024,10.0,6月,400.42,152.22,23.37,2.11,13.11,156.03,8.92,8.8,0.07,0.15,4.52,6,2026,[真实活动数据],浓度数据(mg/L)+水量(万m³/月)，无GHG直接测量,True
25,plt_0c2a2ebf,P025,4.0,1月,84.87,272.18,30.51,3.35,19.52,307.6,6.18,6.66,0.04,0.16,4.0,1,2026,[真实活动数据],浓度数据(mg/L)+水量(万m³/月)，无GHG直接测量,True
25,plt_0c2a2ebf,P025,4.0,2月,63.22,244.14,27.34,3.07,16.75,281.24,4.92,5.24,0.04,0.09,4.0,2,2026,[真实活动数据],浓度数据(mg/L)+水量(万m³/月)，无GHG直接测量,True
25,plt_0c2a2ebf,P025,4.0,3月,78.7,290.26,32.51,4.24,19.37,303.54,5.42,4.6,0.04,0.19,4.0,3,2026,[真实活动数据],浓度数据(mg/L)+水量(万m³/月)，无GHG直接测量,True
25,plt_0c2a2ebf,P025,4.0,4月,76.68,290.83,30.48,4.21,18.25,309.73,6.87,5.37,0.06,0.36,4.0,4,2026,[真实活动数据],浓度数据(mg/L)+水量(万m³/月)，无GHG直接测量,True
25,plt_0c2a2ebf,P025,4.0,5月,99.92,200.24,24.75,3.55,15.87,231.78,6.73,5.72,0.15,0.17,4.0,5,2026,[真实活动数据],浓度数据(mg/L)+水量(万m³/月)，无GHG直接测量,True
25,plt_0c2a2ebf,P025,4.0,6月,125.24,170.25,20.75,2.92,11.11,193.96,9.6,3.57,0.13,0.09,4.0,6,2026,[真实活动数据],浓度数据(mg/L)+水量(万m³/月)，无GHG直接测量,True
26,plt_7be889f0,P026,4.0,1月,92.22,192.59,24.78,2.87,16.98,179.21,8.65,6.39,0.27,0.97,4.03,1,2026,[真实活动数据],浓度数据(mg/L)+水量(万m³/月)，无GHG直接测量,True
26,plt_7be889f0,P026,4.0,2月,75.23,149.05,23.17,2.29,15.24,137.0,6.73,6.26,0.26,0.43,4.0,2,2026,[真实活动数据],浓度数据(mg/L)+水量(万m³/月)，无GHG直接测量,True
26,plt_7be889f0,P026,4.0,3月,101.28,190.32,22.81,2.58,15.74,168.1,7.68,5.48,0.28,1.16,4.0,3,2026,[真实活动数据],浓度数据(mg/L)+水量(万m³/月)，无GHG直接测量,True
26,plt_7be889f0,P026,4.0,4月,101.74,195.5,25.78,3.59,18.7,169.1,10.04,4.65,0.3,1.16,4.0,4,2026,[真实活动数据],浓度数据(mg/L)+水量(万m³/月)，无GHG直接测量,True
26,plt_7be889f0,P026,4.0,5月,141.2,152.65,16.1,2.3,10.94,138.77,8.74,3.22,0.31,0.83,4.03,5,2026,[真实活动数据],浓度数据(mg/L)+水量(万m³/月)，无GHG直接测量,True
26,plt_7be889f0,P026,4.0,6月,164.2,90.53,11.47,1.48,8.35,83.88,7.35,2.85,0.34,0.56,4.0,6,2026,[真实活动数据],浓度数据(mg/L)+水量(万m³/月)，无GHG直接测量,True
27,plt_c2be03fd,P027,24.0,1月,581.44,332.49,46.25,8.18,35.0,334.58,15.2,3.83,0.09,0.23,4.03,1,2026,[真实活动数据],浓度数据(mg/L)+水量(万m³/月)，无GHG直接测量,True
27,plt_c2be03fd,P027,24.0,2月,319.69,303.5,42.55,7.74,27.42,315.6,14.66,5.76,0.11,0.19,4.0,2,2026,[真实活动数据],浓度数据(mg/L)+水量(万m³/月)，无GHG直接测量,True
27,plt_c2be03fd,P027,24.0,3月,580.74,303.15,37.39,5.62,25.02,302.9,16.53,5.36,0.08,0.22,4.0,3,2026,[真实活动数据],浓度数据(mg/L)+水量(万m³/月)，无GHG直接测量,True
27,plt_c2be03fd,P027,24.0,4月,575.11,272.79,36.37,6.2,24.52,271.51,15.82,5.24,0.09,0.23,4.05,4,2026,[真实活动数据],浓度数据(mg/L)+水量(万m³/月)，无GHG直接测量,True
27,plt_c2be03fd,P027,24.0,5月,666.6,258.68,35.87,5.4,23.32,230.7,15.79,4.65,0.1,0.21,4.03,5,2026,[真实活动数据],浓度数据(mg/L)+水量(万m³/月)，无GHG直接测量,True
27,plt_c2be03fd,P027,24.0,6月,780.79,215.68,29.11,4.22,19.38,221.88,13.24,4.06,0.08,0.14,4.0,6,2026,[真实活动数据],浓度数据(mg/L)+水量(万m³/月)，无GHG直接测量,True
28,plt_8c33d7b5,P028,25.0,1月,638.6,327.4,48.23,4.41,35.84,248.8,12.44,5.98,0.15,0.19,3.84,1,2026,[真实活动数据],浓度数据(mg/L)+水量(万m³/月)，无GHG直接测量,True
28,plt_8c33d7b5,P028,25.0,2月,388.73,308.08,46.28,4.36,32.41,237.62,13.57,5.5,0.18,0.21,3.73,2,2026,[真实活动数据],浓度数据(mg/L)+水量(万m³/月)，无GHG直接测量,True
28,plt_8c33d7b5,P028,25.0,3月,655.76,301.26,48.03,4.42,33.44,260.2,15.09,6.38,0.15,0.25,3.84,3,2026,[真实活动数据],浓度数据(mg/L)+水量(万m³/月)，无GHG直接测量,True
28,plt_8c33d7b5,P028,25.0,4月,611.49,289.46,46.73,4.35,32.09,241.22,12.52,4.99,0.17,0.23,3.94,4,2026,[真实活动数据],浓度数据(mg/L)+水量(万m³/月)，无GHG直接测量,True
28,plt_8c33d7b5,P028,25.0,5月,737.01,266.25,42.77,3.96,29.73,206.39,14.17,5.54,0.17,0.25,3.97,5,2026,[真实活动数据],浓度数据(mg/L)+水量(万m³/月)，无GHG直接测量,True
28,plt_8c33d7b5,P028,25.0,6月,773.19,208.81,39.25,3.7,28.34,176.43,13.03,4.99,0.18,0.21,3.96,6,2026,[真实活动数据],浓度数据(mg/L)+水量(万m³/月)，无GHG直接测量,True
29,plt_7c23e09d,P029,10.0,1月,303.01,343.09,52.15,4.89,39.01,172.95,10.72,8.91,0.15,0.27,2.44,1,2026,[真实活动数据],浓度数据(mg/L)+水量(万m³/月)，无GHG直接测量,True
29,plt_7c23e09d,P029,10.0,2月,201.94,312.13,43.15,4.16,32.2,143.9,10.07,8.19,0.16,0.13,2.37,2,2026,[真实活动数据],浓度数据(mg/L)+水量(万m³/月)，无GHG直接测量,True
29,plt_7c23e09d,P029,10.0,3月,312.63,308.78,46.4,4.33,34.49,141.89,10.48,9.08,0.17,0.22,2.3,3,2026,[真实活动数据],浓度数据(mg/L)+水量(万m³/月)，无GHG直接测量,True
29,plt_7c23e09d,P029,10.0,4月,305.29,275.49,44.6,4.04,33.46,129.26,10.78,9.57,0.19,0.15,2.3,4,2026,[真实活动数据],浓度数据(mg/L)+水量(万m³/月)，无GHG直接测量,True
29,plt_7c23e09d,P029,10.0,5月,319.9,260.86,40.74,3.77,29.76,118.45,10.31,9.02,0.15,0.17,2.47,5,2026,[真实活动数据],浓度数据(mg/L)+水量(万m³/月)，无GHG直接测量,True
29,plt_7c23e09d,P029,10.0,6月,304.71,206.27,33.78,3.07,24.99,112.57,11.36,8.08,0.16,0.22,2.32,6,2026,[真实活动数据],浓度数据(mg/L)+水量(万m³/月)，无GHG直接测量,True
30,plt_3df3cc1b,P030,40.0,1月,1136.53,324.36,37.94,4.29,32.38,201.21,10.63,9.16,0.06,0.33,5.03,1,2026,[真实活动数据],浓度数据(mg/L)+水量(万m³/月)，无GHG直接测量,True
30,plt_3df3cc1b,P030,40.0,2月,918.25,245.24,32.66,3.62,27.47,158.74,12.32,8.4,0.11,0.34,5.0,2,2026,[真实活动数据],浓度数据(mg/L)+水量(万m³/月)，无GHG直接测量,True
30,plt_3df3cc1b,P030,40.0,3月,1158.56,249.24,36.1,3.97,25.97,170.42,12.42,8.19,0.12,0.54,5.0,3,2026,[真实活动数据],浓度数据(mg/L)+水量(万m³/月)，无GHG直接测量,True
30,plt_3df3cc1b,P030,40.0,4月,1012.79,243.79,35.02,4.03,25.93,164.87,12.08,7.9,0.13,0.26,5.03,4,2026,[真实活动数据],浓度数据(mg/L)+水量(万m³/月)，无GHG直接测量,True
30,plt_3df3cc1b,P030,40.0,5月,1574.99,240.07,34.32,3.73,24.22,152.33,10.97,5.09,0.1,0.23,5.1,5,2026,[真实活动数据],浓度数据(mg/L)+水量(万m³/月)，无GHG直接测量,True
30,plt_3df3cc1b,P030,40.0,6月,1702.97,213.55,30.13,3.48,20.74,159.51,10.1,4.67,0.11,0.15,5.0,6,2026,[真实活动数据],浓度数据(mg/L)+水量(万m³/月)，无GHG直接测量,True
31,plt_bde99b98,P031,15.0,1月,401.33,331.87,41.0,4.64,29.96,201.08,13.3,5.87,0.09,0.25,2.83,1,2026,[真实活动数据],浓度数据(mg/L)+水量(万m³/月)，无GHG直接测量,True
31,plt_bde99b98,P031,15.0,2月,256.27,243.17,31.79,3.34,23.73,163.04,10.7,5.11,0.07,0.18,2.49,2,2026,[真实活动数据],浓度数据(mg/L)+水量(万m³/月)，无GHG直接测量,True
31,plt_bde99b98,P031,15.0,3月,540.64,194.53,31.37,3.18,25.43,115.75,11.78,6.13,0.09,0.21,2.62,3,2026,[真实活动数据],浓度数据(mg/L)+水量(万m³/月)，无GHG直接测量,True
31,plt_bde99b98,P031,15.0,4月,481.72,213.95,31.97,3.88,24.62,129.3,12.08,5.18,0.11,0.19,2.66,4,2026,[真实活动数据],浓度数据(mg/L)+水量(万m³/月)，无GHG直接测量,True
31,plt_bde99b98,P031,15.0,5月,595.2,199.24,29.07,3.34,22.18,125.05,11.89,4.8,0.1,0.18,2.55,5,2026,[真实活动数据],浓度数据(mg/L)+水量(万m³/月)，无GHG直接测量,True
31,plt_bde99b98,P031,15.0,6月,736.6,131.8,20.75,2.14,16.67,71.15,10.9,4.65,0.08,0.23,2.45,6,2026,[真实活动数据],浓度数据(mg/L)+水量(万m³/月)，无GHG直接测量,True
32,plt_38e15b4b,P032,35.0,1月,686.79,336.0,54.96,5.85,42.22,168.8,12.0,10.19,0.15,0.19,1.93,1,2026,[真实活动数据],浓度数据(mg/L)+水量(万m³/月)，无GHG直接测量,True
32,plt_38e15b4b,P032,35.0,2月,481.91,284.0,46.75,5.08,36.69,145.06,12.0,9.57,0.14,0.19,2.31,2,2026,[真实活动数据],浓度数据(mg/L)+水量(万m³/月)，无GHG直接测量,True
32,plt_38e15b4b,P032,35.0,3月,762.69,257.51,43.11,4.8,34.06,144.31,11.63,9.81,0.15,0.1,2.02,3,2026,[真实活动数据],浓度数据(mg/L)+水量(万m³/月)，无GHG直接测量,True
32,plt_38e15b4b,P032,35.0,4月,827.65,246.36,43.5,4.88,34.19,139.15,11.28,9.0,0.15,0.1,2.11,4,2026,[真实活动数据],浓度数据(mg/L)+水量(万m³/月)，无GHG直接测量,True
32,plt_38e15b4b,P032,35.0,5月,710.85,201.08,39.38,3.9,30.0,156.75,10.56,8.16,0.14,0.12,2.02,5,2026,[真实活动数据],浓度数据(mg/L)+水量(万m³/月)，无GHG直接测量,True
32,plt_38e15b4b,P032,35.0,6月,821.08,169.26,34.24,3.51,23.46,120.44,10.86,7.7,0.13,0.14,1.99,6,2026,[真实活动数据],浓度数据(mg/L)+水量(万m³/月)，无GHG直接测量,True
33,plt_04fa83e6,P033,5.0,1月,138.94,339.54,51.86,5.69,40.24,247.19,9.53,3.66,0.16,0.18,4.0,1,2026,[真实活动数据],浓度数据(mg/L)+水量(万m³/月)，无GHG直接测量,True
33,plt_04fa83e6,P033,5.0,2月,117.1,290.98,48.78,4.47,37.72,209.74,9.39,3.53,0.17,0.15,4.0,2,2026,[真实活动数据],浓度数据(mg/L)+水量(万m³/月)，无GHG直接测量,True
33,plt_04fa83e6,P033,5.0,3月,145.2,334.72,49.4,5.22,39.03,210.04,9.79,3.57,0.15,0.12,4.0,3,2026,[真实活动数据],浓度数据(mg/L)+水量(万m³/月)，无GHG直接测量,True
33,plt_04fa83e6,P033,5.0,4月,139.19,309.71,48.18,5.65,37.11,218.88,9.85,4.51,0.16,0.14,4.0,4,2026,[真实活动数据],浓度数据(mg/L)+水量(万m³/月)，无GHG直接测量,True
33,plt_04fa83e6,P033,5.0,5月,150.6,260.6,44.96,4.34,34.11,242.37,8.92,5.12,0.17,0.12,4.0,5,2026,[真实活动数据],浓度数据(mg/L)+水量(万m³/月)，无GHG直接测量,True
33,plt_04fa83e6,P033,5.0,6月,153.91,224.2,37.71,3.32,27.87,193.04,8.02,3.36,0.16,0.11,4.0,6,2026,[真实活动数据],浓度数据(mg/L)+水量(万m³/月)，无GHG直接测量,True
34,plt_2795e7c3,P034,12.0,1月,172.24,445.32,50.95,4.8,40.78,217.27,11.0,6.04,0.07,0.23,4.0,1,2026,[真实活动数据],浓度数据(mg/L)+水量(万m³/月)，无GHG直接测量,True
34,plt_2795e7c3,P034,12.0,2月,223.42,525.33,47.35,6.35,32.47,263.03,11.32,5.09,0.13,0.19,4.0,2,2026,[真实活动数据],浓度数据(mg/L)+水量(万m³/月)，无GHG直接测量,True
34,plt_2795e7c3,P034,12.0,3月,271.33,396.33,50.78,5.25,38.59,187.27,12.21,5.55,0.09,0.25,4.0,3,2026,[真实活动数据],浓度数据(mg/L)+水量(万m³/月)，无GHG直接测量,True
34,plt_2795e7c3,P034,12.0,4月,342.94,485.06,51.67,6.69,37.35,243.8,11.07,4.36,0.11,0.22,4.0,4,2026,[真实活动数据],浓度数据(mg/L)+水量(万m³/月)，无GHG直接测量,True
34,plt_2795e7c3,P034,12.0,5月,398.7,417.86,47.82,5.93,35.12,225.74,9.88,4.81,0.11,0.22,4.0,5,2026,[真实活动数据],浓度数据(mg/L)+水量(万m³/月)，无GHG直接测量,True
34,plt_2795e7c3,P034,12.0,6月,388.43,324.08,40.24,4.13,29.62,173.52,9.74,4.82,0.11,0.21,4.0,6,2026,[真实活动数据],浓度数据(mg/L)+水量(万m³/月)，无GHG直接测量,True
35,plt_579a6517,P035,5.0,1月,131.91,363.76,47.6,4.82,39.64,199.03,9.38,3.73,0.05,0.42,1.99,1,2026,[真实活动数据],浓度数据(mg/L)+水量(万m³/月)，无GHG直接测量,True
35,plt_579a6517,P035,5.0,2月,91.11,346.02,44.88,4.86,35.67,201.3,9.65,3.25,0.08,0.37,1.98,2,2026,[真实活动数据],浓度数据(mg/L)+水量(万m³/月)，无GHG直接测量,True
35,plt_579a6517,P035,5.0,3月,132.8,389.4,49.03,6.36,36.3,329.2,8.39,4.58,0.09,0.37,2.13,3,2026,[真实活动数据],浓度数据(mg/L)+水量(万m³/月)，无GHG直接测量,True
35,plt_579a6517,P035,5.0,4月,124.78,345.69,41.27,5.4,31.81,258.03,8.61,3.58,0.08,0.31,1.88,4,2026,[真实活动数据],浓度数据(mg/L)+水量(万m³/月)，无GHG直接测量,True
35,plt_579a6517,P035,5.0,5月,139.94,263.39,35.72,4.4,27.44,305.31,8.89,2.89,0.05,0.29,1.95,5,2026,[真实活动数据],浓度数据(mg/L)+水量(万m³/月)，无GHG直接测量,True
35,plt_579a6517,P035,5.0,6月,171.62,180.66,26.61,1.09,19.46,164.21,7.12,2.2,0.01,0.22,1.74,6,2026,[真实活动数据],浓度数据(mg/L)+水量(万m³/月)，无GHG直接测量,True
36,plt_7f3b040c,P036,16.0,1月,439.38,320.96,45.17,6.53,37.37,314.74,16.71,4.64,0.07,0.22,4.0,1,2026,[真实活动数据],浓度数据(mg/L)+水量(万m³/月)，无GHG直接测量,True
36,plt_7f3b040c,P036,16.0,2月,265.19,273.07,37.39,5.0,27.21,275.27,14.85,4.23,0.1,0.17,4.0,2,2026,[真实活动数据],浓度数据(mg/L)+水量(万m³/月)，无GHG直接测量,True
36,plt_7f3b040c,P036,16.0,3月,410.39,280.57,34.91,4.53,25.1,262.93,15.07,3.32,0.08,0.22,4.07,3,2026,[真实活动数据],浓度数据(mg/L)+水量(万m³/月)，无GHG直接测量,True
36,plt_7f3b040c,P036,16.0,4月,414.59,250.95,41.22,6.58,26.4,237.86,14.52,2.62,0.11,0.21,4.0,4,2026,[真实活动数据],浓度数据(mg/L)+水量(万m³/月)，无GHG直接测量,True
36,plt_7f3b040c,P036,16.0,5月,490.66,215.8,34.23,5.2,23.99,174.52,13.89,2.75,0.09,0.18,3.93,5,2026,[真实活动数据],浓度数据(mg/L)+水量(万m³/月)，无GHG直接测量,True
36,plt_7f3b040c,P036,16.0,6月,594.62,184.18,29.87,4.1,19.54,179.42,11.97,2.79,0.08,0.12,4.0,6,2026,[真实活动数据],浓度数据(mg/L)+水量(万m³/月)，无GHG直接测量,True
37,plt_d9f43af6,P037,5.0,1月,122.22,370.15,50.88,4.32,38.37,210.09,11.73,8.94,0.13,0.22,5.0,1,2026,[真实活动数据],浓度数据(mg/L)+水量(万m³/月)，无GHG直接测量,True
37,plt_d9f43af6,P037,5.0,2月,101.94,319.33,42.14,3.72,32.38,196.81,10.84,9.2,0.13,0.19,5.0,2,2026,[真实活动数据],浓度数据(mg/L)+水量(万m³/月)，无GHG直接测量,True
37,plt_d9f43af6,P037,5.0,3月,127.2,261.24,43.53,3.59,34.47,134.09,11.08,7.67,0.14,0.19,5.0,3,2026,[真实活动数据],浓度数据(mg/L)+水量(万m³/月)，无GHG直接测量,True
37,plt_d9f43af6,P037,5.0,4月,121.33,283.11,40.07,3.41,30.66,163.37,10.97,6.42,0.14,0.18,5.0,4,2026,[真实活动数据],浓度数据(mg/L)+水量(万m³/月)，无GHG直接测量,True
37,plt_d9f43af6,P037,5.0,5月,130.47,284.96,38.71,3.42,29.08,173.17,9.8,6.11,0.14,0.19,5.0,5,2026,[真实活动数据],浓度数据(mg/L)+水量(万m³/月)，无GHG直接测量,True
37,plt_d9f43af6,P037,5.0,6月,131.94,231.49,33.45,2.79,22.89,140.56,9.77,7.43,0.14,0.16,5.0,6,2026,[真实活动数据],浓度数据(mg/L)+水量(万m³/月)，无GHG直接测量,True
38,plt_396032c1,P038,5.0,1月,51.41,296.53,47.99,4.9,37.67,223.71,6.25,5.26,0.04,0.14,4.0,1,2026,[真实活动数据],浓度数据(mg/L)+水量(万m³/月)，无GHG直接测量,True
38,plt_396032c1,P038,5.0,2月,45.28,271.83,45.71,4.71,37.53,139.5,7.78,6.66,0.07,0.23,4.0,2,2026,[真实活动数据],浓度数据(mg/L)+水量(万m³/月)，无GHG直接测量,True
38,plt_396032c1,P038,5.0,3月,92.87,273.0,46.15,4.57,36.74,170.56,8.91,7.25,0.11,0.14,4.0,3,2026,[真实活动数据],浓度数据(mg/L)+水量(万m³/月)，无GHG直接测量,True
38,plt_396032c1,P038,5.0,4月,90.28,224.88,40.29,4.18,32.02,191.79,7.19,6.97,0.14,0.14,4.0,4,2026,[真实活动数据],浓度数据(mg/L)+水量(万m³/月)，无GHG直接测量,True
38,plt_396032c1,P038,5.0,5月,105.76,203.76,37.05,3.84,28.94,149.47,7.04,4.42,0.15,0.13,4.02,5,2026,[真实活动数据],浓度数据(mg/L)+水量(万m³/月)，无GHG直接测量,True
38,plt_396032c1,P038,5.0,6月,112.78,147.47,26.97,2.66,19.73,99.36,6.2,3.83,0.15,0.13,4.05,6,2026,[真实活动数据],浓度数据(mg/L)+水量(万m³/月)，无GHG直接测量,True
39,plt_3939c6f8,P039,32.0,1月,943.78,401.12,43.69,4.97,34.1,176.6,11.63,5.67,0.04,0.24,4.0,1,2026,[真实活动数据],浓度数据(mg/L)+水量(万m³/月)，无GHG直接测量,True
39,plt_3939c6f8,P039,32.0,2月,697.35,403.73,40.51,4.63,30.63,180.55,10.42,5.29,0.03,0.2,4.0,2,2026,[真实活动数据],浓度数据(mg/L)+水量(万m³/月)，无GHG直接测量,True
39,plt_3939c6f8,P039,32.0,3月,931.39,437.13,42.53,4.59,32.91,179.4,10.95,6.07,0.03,0.21,4.0,3,2026,[真实活动数据],浓度数据(mg/L)+水量(万m³/月)，无GHG直接测量,True
39,plt_3939c6f8,P039,32.0,4月,929.39,336.32,37.89,4.25,25.16,150.95,10.09,5.97,0.03,0.17,4.0,4,2026,[真实活动数据],浓度数据(mg/L)+水量(万m³/月)，无GHG直接测量,True
39,plt_3939c6f8,P039,32.0,5月,1145.41,401.12,35.34,3.85,22.43,129.31,9.47,5.93,0.03,0.18,4.0,5,2026,[真实活动数据],浓度数据(mg/L)+水量(万m³/月)，无GHG直接测量,True
39,plt_3939c6f8,P039,32.0,6月,1180.75,232.12,31.79,3.26,20.91,131.45,9.42,5.54,0.04,0.18,4.0,6,2026,[真实活动数据],浓度数据(mg/L)+水量(万m³/月)，无GHG直接测量,True
40,plt_b439c86b,P040,0.3,1月,1.58,42.9,15.05,1.18,9.45,29.32,9.25,6.74,0.05,0.15,4.04,1,2026,[真实活动数据],浓度数据(mg/L)+水量(万m³/月)，无GHG直接测量,True
40,plt_b439c86b,P040,0.3,2月,1.52,75.52,20.14,1.59,15.57,65.98,7.57,4.78,0.05,0.12,4.0,2,2026,[真实活动数据],浓度数据(mg/L)+水量(万m³/月)，无GHG直接测量,True
40,plt_b439c86b,P040,0.3,3月,1.66,79.25,18.13,1.6,12.93,56.56,6.62,3.64,0.05,0.14,4.09,3,2026,[真实活动数据],浓度数据(mg/L)+水量(万m³/月)，无GHG直接测量,True
40,plt_b439c86b,P040,0.3,4月,1.81,92.38,18.29,1.54,14.38,69.01,8.12,3.31,0.04,0.17,4.0,4,2026,[真实活动数据],浓度数据(mg/L)+水量(万m³/月)，无GHG直接测量,True
40,plt_b439c86b,P040,0.3,5月,2.42,134.51,19.11,2.17,14.38,88.42,7.51,1.87,0.05,0.18,4.03,5,2026,[真实活动数据],浓度数据(mg/L)+水量(万m³/月)，无GHG直接测量,True
40,plt_b439c86b,P040,0.3,6月,3.72,71.34,11.58,1.68,8.45,55.4,5.16,1.94,0.04,0.09,4.0,6,2026,[真实活动数据],浓度数据(mg/L)+水量(万m³/月)，无GHG直接测量,True
41,plt_5802982a,P041,10.0,1月,118.2,340.98,49.22,5.43,37.08,247.01,8.17,6.49,0.18,0.27,4.0,1,2026,[真实活动数据],浓度数据(mg/L)+水量(万m³/月)，无GHG直接测量,True
41,plt_5802982a,P041,10.0,2月,113.91,296.37,43.09,4.14,33.44,134.07,9.25,4.83,0.18,0.2,4.0,2,2026,[真实活动数据],浓度数据(mg/L)+水量(万m³/月)，无GHG直接测量,True
41,plt_5802982a,P041,10.0,3月,140.88,340.76,46.43,4.68,35.52,175.83,8.39,4.26,0.17,0.18,4.0,3,2026,[真实活动数据],浓度数据(mg/L)+水量(万m³/月)，无GHG直接测量,True
41,plt_5802982a,P041,10.0,4月,127.98,295.73,43.22,4.33,32.95,149.75,6.83,3.76,0.17,0.18,4.0,4,2026,[真实活动数据],浓度数据(mg/L)+水量(万m³/月)，无GHG直接测量,True
41,plt_5802982a,P041,10.0,5月,147.6,268.47,39.04,3.91,29.32,141.91,8.08,2.86,0.16,0.15,4.02,5,2026,[真实活动数据],浓度数据(mg/L)+水量(万m³/月)，无GHG直接测量,True
41,plt_5802982a,P041,10.0,6月,172.69,235.23,31.15,3.37,22.33,130.29,7.47,2.96,0.16,0.17,4.05,6,2026,[真实活动数据],浓度数据(mg/L)+水量(万m³/月)，无GHG直接测量,True
42,plt_1f3231fe,P042,22.5,1月,200.15,383.21,61.16,6.79,49.15,195.17,11.68,5.07,0.14,0.3,4.0,1,2026,[真实活动数据],浓度数据(mg/L)+水量(万m³/月)，无GHG直接测量,True
42,plt_1f3231fe,P042,22.5,2月,98.82,396.16,54.59,7.2,42.02,213.25,10.46,5.12,0.15,0.3,4.0,2,2026,[真实活动数据],浓度数据(mg/L)+水量(万m³/月)，无GHG直接测量,True
42,plt_1f3231fe,P042,22.5,3月,261.45,361.85,53.34,5.99,44.47,236.11,11.49,6.6,0.14,0.25,4.03,3,2026,[真实活动数据],浓度数据(mg/L)+水量(万m³/月)，无GHG直接测量,True
42,plt_1f3231fe,P042,22.5,4月,281.88,331.96,50.7,5.64,43.7,212.53,12.45,6.65,0.15,0.38,4.0,4,2026,[真实活动数据],浓度数据(mg/L)+水量(万m³/月)，无GHG直接测量,True
42,plt_1f3231fe,P042,22.5,5月,406.4,266.65,39.69,4.38,32.65,187.52,12.45,5.63,0.15,0.32,4.0,5,2026,[真实活动数据],浓度数据(mg/L)+水量(万m³/月)，无GHG直接测量,True
42,plt_1f3231fe,P042,22.5,6月,421.07,240.51,38.93,4.4,32.49,176.26,11.62,5.8,0.16,0.25,4.0,6,2026,[真实活动数据],浓度数据(mg/L)+水量(万m³/月)，无GHG直接测量,True
43,plt_4b377728,P043,10.0,1月,79.5,333.23,48.16,4.47,35.09,183.67,8.62,4.73,0.12,0.09,2.32,1,2026,[真实活动数据],浓度数据(mg/L)+水量(万m³/月)，无GHG直接测量,True
43,plt_4b377728,P043,10.0,2月,67.41,302.51,41.4,4.08,29.34,154.23,8.81,2.8,0.11,0.11,2.24,2,2026,[真实活动数据],浓度数据(mg/L)+水量(万m³/月)，无GHG直接测量,True
43,plt_4b377728,P043,10.0,3月,97.23,277.49,39.72,3.74,28.69,140.07,8.67,4.76,0.12,0.08,2.32,3,2026,[真实活动数据],浓度数据(mg/L)+水量(万m³/月)，无GHG直接测量,True
43,plt_4b377728,P043,10.0,4月,111.72,261.03,39.18,3.62,28.56,125.93,8.97,4.05,0.12,0.1,2.2,4,2026,[真实活动数据],浓度数据(mg/L)+水量(万m³/月)，无GHG直接测量,True
43,plt_4b377728,P043,10.0,5月,167.96,242.05,34.85,3.09,24.92,120.33,8.89,4.58,0.09,0.09,2.23,5,2026,[真实活动数据],浓度数据(mg/L)+水量(万m³/月)，无GHG直接测量,True
43,plt_4b377728,P043,10.0,6月,252.36,200.41,29.47,2.75,21.95,112.36,8.96,4.14,0.12,0.12,2.42,6,2026,[真实活动数据],浓度数据(mg/L)+水量(万m³/月)，无GHG直接测量,True
44,plt_c0aa3f8e,P044,20.0,1月,99.77,263.0,51.2,3.84,42.1,80.0,10.6,7.28,0.14,0.31,4.0,1,2026,[真实活动数据],浓度数据(mg/L)+水量(万m³/月)，无GHG直接测量,True
44,plt_c0aa3f8e,P044,20.0,2月,111.23,210.0,42.6,3.29,34.5,78.0,10.0,4.91,0.13,0.25,4.0,2,2026,[真实活动数据],浓度数据(mg/L)+水量(万m³/月)，无GHG直接测量,True
44,plt_c0aa3f8e,P044,20.0,3月,143.54,219.0,43.6,3.6,35.6,77.0,11.9,5.61,0.12,0.3,4.0,3,2026,[真实活动数据],浓度数据(mg/L)+水量(万m³/月)，无GHG直接测量,True
44,plt_c0aa3f8e,P044,20.0,4月,178.17,213.0,42.4,3.61,34.1,82.0,12.0,5.61,0.12,0.29,4.0,4,2026,[真实活动数据],浓度数据(mg/L)+水量(万m³/月)，无GHG直接测量,True
44,plt_c0aa3f8e,P044,20.0,5月,221.74,168.0,32.7,2.39,26.5,64.0,11.3,4.11,0.09,0.23,4.0,5,2026,[真实活动数据],浓度数据(mg/L)+水量(万m³/月)，无GHG直接测量,True
44,plt_c0aa3f8e,P044,20.0,6月,243.11,164.0,30.5,2.31,23.9,58.0,11.0,4.17,0.09,0.19,4.0,6,2026,[真实活动数据],浓度数据(mg/L)+水量(万m³/月)，无GHG直接测量,True
45,plt_dbc774b3,P045,9.0,1月,218.05,379.59,62.76,5.59,50.08,238.63,10.53,4.65,0.14,0.27,4.0,1,2026,[真实活动数据],浓度数据(mg/L)+水量(万m³/月)，无GHG直接测量,True
45,plt_dbc774b3,P045,9.0,2月,161.61,363.16,60.37,5.35,49.23,186.36,10.49,4.43,0.15,0.26,4.0,2,2026,[真实活动数据],浓度数据(mg/L)+水量(万m³/月)，无GHG直接测量,True
45,plt_dbc774b3,P045,9.0,3月,226.87,363.67,59.98,5.02,47.79,167.02,12.33,4.61,0.15,0.22,4.0,3,2026,[真实活动数据],浓度数据(mg/L)+水量(万m³/月)，无GHG直接测量,True
45,plt_dbc774b3,P045,9.0,4月,247.09,353.57,55.44,4.89,43.27,158.64,10.61,5.26,0.15,0.21,4.0,4,2026,[真实活动数据],浓度数据(mg/L)+水量(万m³/月)，无GHG直接测量,True
45,plt_dbc774b3,P045,9.0,5月,295.98,300.54,49.38,4.1,38.27,142.47,10.94,4.89,0.15,0.19,4.0,5,2026,[真实活动数据],浓度数据(mg/L)+水量(万m³/月)，无GHG直接测量,True
45,plt_dbc774b3,P045,9.0,6月,297.71,278.12,45.49,3.98,32.32,163.61,10.28,4.26,0.17,0.16,4.0,6,2026,[真实活动数据],浓度数据(mg/L)+水量(万m³/月)，无GHG直接测量,True
46,plt_1cc675b5,P046,5.0,1月,52.6,95.34,27.37,2.12,21.94,56.59,12.85,7.22,0.23,0.46,5.03,1,2026,[真实活动数据],浓度数据(mg/L)+水量(万m³/月)，无GHG直接测量,True
46,plt_1cc675b5,P046,5.0,2月,38.8,117.26,24.66,2.0,19.5,71.23,12.14,5.9,0.23,0.43,5.03,2,2026,[真实活动数据],浓度数据(mg/L)+水量(万m³/月)，无GHG直接测量,True
46,plt_1cc675b5,P046,5.0,3月,68.27,133.85,25.01,2.47,20.87,95.41,9.75,5.86,0.15,0.21,5.0,3,2026,[真实活动数据],浓度数据(mg/L)+水量(万m³/月)，无GHG直接测量,True
46,plt_1cc675b5,P046,5.0,4月,86.3,138.94,24.63,2.45,20.46,99.06,9.99,5.73,0.15,0.25,5.0,4,2026,[真实活动数据],浓度数据(mg/L)+水量(万m³/月)，无GHG直接测量,True
46,plt_1cc675b5,P046,5.0,5月,103.95,117.71,21.05,1.9,15.95,111.06,8.23,3.26,0.08,0.13,5.0,5,2026,[真实活动数据],浓度数据(mg/L)+水量(万m³/月)，无GHG直接测量,True
46,plt_1cc675b5,P046,5.0,6月,123.17,93.67,16.36,1.57,12.5,107.18,7.73,3.78,0.07,0.09,5.0,6,2026,[真实活动数据],浓度数据(mg/L)+水量(万m³/月)，无GHG直接测量,True
